,count,cnn_hits,ga_hits,cnn_fails,ga_fails,cnn_accuracy,ga_accuracy
1,10090,3694,4254,58969,32685,0.990649117938553,0.9948170465807731
2,10044,1712,1750,311953,217549,0.9503061728395061,0.9653446435682995
3,9965,1092,1112,551129,383723,0.911509643753136,0.9383886803813347
4,9869,1029,1060,681805,504526,0.8894631674941736,0.9182043165467626
5,10032,778,806,702630,561847,0.8879377990430622,0.9103912280701755
