,count,game_hits,cell_fails,accuracy
1,199,66,1506,0.9878914572864321
2,189,41,4822,0.959178835978836
3,197,39,8332,0.9323289340101523
4,217,28,12508,0.9077751152073733
5,199,34,11421,0.908172864321608
