,count,game_hits,cell_fails,accuracy
1,199,60,1519,0.9877869346733669
2,189,38,4750,0.9597883597883597
3,197,28,8385,0.9318984771573604
4,217,21,12541,0.9075317972350231
5,199,17,11558,0.9070713567839196
