,count,game_hits,cell_fails,accuracy
1,199,57,1708,0.986267336683417
2,189,37,5460,0.9537777777777778
3,197,27,9119,0.9259370558375635
4,217,21,13579,0.8998783410138249
5,199,17,12573,0.8989105527638191
