,count,cnn_hits,ga_hits,cnn_fails,ga_fails,cnn_accuracy,ga_accuracy
1,10090,256,3030,298383,121122,0.9526845589692765,0.9807933399405352
2,10044,156,1861,808755,487553,0.8711660692951015,0.9223332536837914
3,9965,149,1571,860289,637785,0.8618703060712494,0.8975959859508279
4,9869,130,1611,849277,682188,0.8623119667646164,0.8894010740703212
5,10032,114,1544,860772,712142,0.8627157894736842,0.8864207336523127
