,count,cnn_hits,ga_hits,cnn_fails,ga_fails,cnn_accuracy,ga_accuracy
1,199,52,58,2022,1675,0.9837427135678392,0.986532663316583
2,189,34,38,6695,5210,0.9433227513227513,0.9558941798941799
3,197,27,28,11928,9011,0.9031228426395939,0.9268142131979695
4,216,15,21,18142,13487,0.8656148148148148,0.9000962962962963
5,199,3,17,15873,12169,0.8723778894472362,0.9021587939698492
