,count,cnn_hits,ga_hits,cnn_fails,ga_fails,cnn_accuracy,ga_accuracy
1,10090,2359,2820,104722,77433,0.9833939345887017,0.9877212289395441
2,10044,1581,1751,346351,212257,0.944826602947033,0.9661876543209876
3,9965,1076,1121,622221,378396,0.900094972403412,0.9392439939789262
4,9869,596,1060,801992,507167,0.8699779916911541,0.9177761475326781
5,10032,114,808,821969,564818,0.8689044657097289,0.9099173843700159
