,count,cnn_hits,ga_hits,cnn_fails,ga_fails,cnn_accuracy,ga_accuracy
1,199,52,58,2022,1616,0.9837427135678392,0.9870070351758794
2,189,34,20,6695,9356,0.9433227513227513,0.9207957671957672
3,197,27,27,11928,9916,0.9031228426395939,0.9194639593908629
4,216,15,16,18142,11845,0.8656148148148148,0.9122592592592592
5,199,3,16,15873,9513,0.8723778894472362,0.923513567839196
