,count,game_hits,cell_fails,accuracy
1,199,67,1500,0.9879396984924623
2,189,41,4802,0.9593481481481482
3,197,31,8380,0.9319390862944162
4,217,28,12688,0.9064479262672811
5,199,31,11389,0.9084301507537689
