,count,cnn_hits,ga_hits,cnn_fails,ga_fails,cnn_accuracy,ga_accuracy
1,10090,2623,2828,94849,78800,0.9849595242814668,0.9875044598612488
2,10044,1701,1754,313994,218602,0.9499810434090004,0.9651769016328156
3,9965,1088,1107,553335,386531,0.9111554440541897,0.9379378223783241
4,9869,1028,1059,680864,506856,0.8896157260107407,0.9178265680413416
5,10032,761,807,695070,563236,0.8891435406698565,0.910169696969697
